EOG091G00AH	jcf7180007625306	0	20412
EOG091G00AH	jcf7180007592873	0	20667
EOG091G00CM	jcf7180007569092	0	20669
EOG091G00GM	jcf7180006886755	0	30795
EOG091G00GQ	jcf7180007741799	0	30964
EOG091G00GQ	jcf7180007577524	0	20791
EOG091G00L0	jcf7180006934391	0	21015
EOG091G00MA	jcf7180006830450	0	22027
EOG091G00MA	jcf7180007656069	0	20464
EOG091G00MA	jcf7180007683010	0	20450
EOG091G00MI	jcf7180007583521	0	20700
EOG091G00Q0	jcf7180007702659	0	40448
EOG091G00QT	jcf7180007003267	0	21884
EOG091G00UD	jcf7180006878289	0	39218
EOG091G00VZ	jcf7180006828981	0	23595
EOG091G00VZ	jcf7180007670851	0	20445
EOG091G00Z3	jcf7180007573917	0	28588
EOG091G00Z3	jcf7180006831184	0	21011
EOG091G00Z3	jcf7180006876640	0	25902
EOG091G011X	jcf7180007589996	0	24313
EOG091G017G	jcf7180007738177	0	22020
EOG091G017T	jcf7180006833236	11408	52131
EOG091G017T	jcf7180007735880	0	23220
EOG091G019V	jcf7180007124026	0	20417
EOG091G01EW	jcf7180007703206	0	20418
EOG091G01EW	jcf7180007284747	0	21099
EOG091G01EW	jcf7180007204216	0	20306
EOG091G01GC	jcf7180007122999	0	20608
EOG091G01GC	jcf7180007522211	0	23335
EOG091G01GC	jcf7180007111894	0	21323
EOG091G01IW	jcf7180007671112	0	32943
EOG091G01IW	jcf7180007521862	0	40696
EOG091G01LC	jcf7180006884133	0	23874
EOG091G01MK	jcf7180007741533	0	21306
EOG091G01S9	jcf7180007353850	0	20214
EOG091G01S9	jcf7180007438900	0	20645
EOG091G01TH	jcf7180007520595	0	27739
EOG091G01VH	jcf7180007720654	0	25827
EOG091G01WY	jcf7180007005483	0	21348
EOG091G01WY	jcf7180006947288	0	20315
EOG091G01XD	jcf7180007138996	0	20776
EOG091G01XI	jcf7180007706777	0	20602
EOG091G01XQ	jcf7180006978900	0	21066
EOG091G01Z2	jcf7180007705503	0	29157
EOG091G01Z2	jcf7180007638020	0	20317
EOG091G020E	jcf7180007220859	0	20194
EOG091G020E	jcf7180007308774	0	20176
EOG091G020Y	jcf7180006826246	0	29605
EOG091G020Y	jcf7180007543341	0	22209
EOG091G023Z	jcf7180006834075	0	28010
EOG091G023Z	jcf7180006894439	0	30965
EOG091G024J	jcf7180007081081	0	21355
EOG091G024J	jcf7180007572111	0	27935
EOG091G024J	jcf7180007661998	0	20344
EOG091G025T	jcf7180007154664	0	22930
EOG091G025T	jcf7180006920159	0	27439
EOG091G025T	jcf7180007433868	0	20323
EOG091G0262	jcf7180006863538	0	32659
EOG091G026F	jcf7180006826216	9144	50790
EOG091G026I	jcf7180007175738	0	20277
EOG091G026I	jcf7180007566094	0	20739
EOG091G027G	jcf7180006838209	0	54382
EOG091G028G	jcf7180006947099	0	21834
EOG091G0291	jcf7180006841188	0	35877
EOG091G029K	jcf7180007611005	0	20422
EOG091G029K	jcf7180007004254	0	20866
EOG091G02B4	jcf7180007572790	0	28532
EOG091G02B4	jcf7180007588966	0	20530
EOG091G02B4	jcf7180006846244	0	20948
EOG091G02BK	jcf7180006839702	0	46718
EOG091G02C8	jcf7180007183875	0	20758
EOG091G02FR	jcf7180007202439	0	20362
EOG091G02HY	jcf7180007625548	0	20327
EOG091G02HY	jcf7180006920982	0	20857
EOG091G02IP	jcf7180006826256	0	28936
EOG091G02IP	jcf7180007733625	0	24092
EOG091G02LY	jcf7180006835922	0	30731
EOG091G02MR	jcf7180007619437	0	20347
EOG091G02MR	jcf7180007420438	0	20276
EOG091G02NH	jcf7180006886654	0	24593
EOG091G02NO	jcf7180007650445	0	20476
EOG091G02O5	jcf7180007567701	0	20531
EOG091G02O6	jcf7180006829382	0	23994
EOG091G02O6	jcf7180007041501	0	20981
EOG091G02O6	jcf7180007600642	0	20137
EOG091G02OE	jcf7180007457249	0	20314
EOG091G02P2	jcf7180006854463	0	22089
EOG091G02UC	jcf7180007492147	0	22263
EOG091G02V5	jcf7180006929659	0	23014
EOG091G02V5	jcf7180007510082	0	21063
EOG091G02VO	jcf7180007718898	0	21152
EOG091G02WU	jcf7180007605114	0	20988
EOG091G02ZI	jcf7180006987634	0	20869
EOG091G0307	jcf7180007520911	0	30914
EOG091G0307	jcf7180007702452	11445	52749
EOG091G031X	jcf7180007521608	0	20441
EOG091G0321	jcf7180006943889	0	21415
EOG091G036A	jcf7180006848937	0	25514
EOG091G036A	jcf7180007741374	106331	157683
EOG091G036C	jcf7180006904892	0	21593
EOG091G036C	jcf7180007513948	0	21529
EOG091G036T	jcf7180006981075	0	20200
EOG091G036T	jcf7180007624674	0	20176
EOG091G038T	jcf7180006852458	0	20965
EOG091G038X	jcf7180007011793	0	20491
EOG091G038X	jcf7180007662908	0	20411
EOG091G03AN	jcf7180006931716	0	22325
EOG091G03B9	jcf7180006933720	0	20925
EOG091G03BV	jcf7180007737166	0	37680
EOG091G03C0	jcf7180007016560	0	20446
EOG091G03C0	jcf7180006843376	0	22587
EOG091G03C7	jcf7180006826245	0	38226
EOG091G03D7	jcf7180006826209	3947	45272
EOG091G03DT	jcf7180006976323	0	20425
EOG091G03FL	jcf7180006826222	0	38272
EOG091G03G3	jcf7180007573945	0	22071
EOG091G03H4	jcf7180007338011	0	20198
EOG091G03I1	jcf7180007737237	0	23835
EOG091G03I1	jcf7180006871178	0	20647
EOG091G03I1	jcf7180007180318	0	20507
EOG091G03JF	jcf7180006847555	0	29662
EOG091G03JG	jcf7180007684004	0	20398
EOG091G03JG	jcf7180007121440	0	20622
EOG091G03JG	jcf7180007197063	0	20291
EOG091G03JX	jcf7180007627474	0	20419
EOG091G03JX	jcf7180007657607	0	20391
EOG091G03LI	jcf7180006857685	0	22096
EOG091G03LI	jcf7180006922795	0	22310
EOG091G03LI	jcf7180007124147	0	20897
EOG091G03M4	jcf7180006837771	0	21619
EOG091G03O0	jcf7180007213630	0	20560
EOG091G03OT	jcf7180006857161	0	24319
EOG091G03P0	jcf7180006899455	0	21892
EOG091G03PD	jcf7180006863880	0	25076
EOG091G03PD	jcf7180006849045	0	23815
EOG091G03PD	jcf7180007571820	14278	54547
EOG091G03QC	jcf7180006826251	16047	59414
EOG091G03QC	jcf7180007703495	0	23877
EOG091G03QC	jcf7180007023273	9403	50905
EOG091G03RW	jcf7180006852513	0	22901
EOG091G03RW	jcf7180007388504	0	21173
EOG091G03RW	jcf7180007650595	0	20285
EOG091G03SE	jcf7180007138828	0	25580
EOG091G03TX	jcf7180006826584	0	26758
EOG091G03TX	jcf7180006957373	0	32505
EOG091G03XO	jcf7180006854806	0	28489
EOG091G03XS	jcf7180006886466	0	20969
EOG091G03XS	jcf7180007142775	0	21086
EOG091G03Y8	jcf7180006954410	0	21916
EOG091G03Z1	jcf7180007137609	0	20349
EOG091G03Z1	jcf7180006992326	0	20137
EOG091G03Z1	jcf7180007588875	0	20136
EOG091G03ZS	jcf7180007738790	0	40266
EOG091G040D	jcf7180007522184	0	30650
EOG091G040G	jcf7180007737978	0	27104
EOG091G040L	jcf7180007529266	0	22890
EOG091G040L	jcf7180006906976	0	21504
EOG091G046H	jcf7180006827104	0	32974
EOG091G046Y	jcf7180007731504	0	20939
EOG091G048B	jcf7180007462971	0	20708
EOG091G0495	jcf7180007060969	0	20449
EOG091G0495	jcf7180006861697	0	24323
EOG091G0495	jcf7180007086709	0	22369
EOG091G049W	jcf7180006866654	0	25721
EOG091G04CK	jcf7180006888632	0	33339
EOG091G04D1	jcf7180006829577	0	32040
EOG091G04EX	jcf7180007024718	0	24636
EOG091G04FV	jcf7180007528346	0	21699
EOG091G04GW	jcf7180006875294	0	26722
EOG091G04GW	jcf7180006879077	0	29396
EOG091G04IK	jcf7180006889689	0	20856
EOG091G04LC	jcf7180006830407	0	20662
EOG091G04LC	jcf7180006962259	0	20188
EOG091G04RS	jcf7180006880018	0	21078
EOG091G04RS	jcf7180007566347	0	20629
EOG091G04WH	jcf7180006933627	0	21178
EOG091G04WH	jcf7180006887617	0	31914
EOG091G050A	jcf7180007588246	0	20818
EOG091G050A	jcf7180006841310	0	21337
EOG091G050A	jcf7180007169526	0	20159
EOG091G050Q	jcf7180007625417	0	20415
EOG091G050Q	jcf7180006913399	0	20659
EOG091G0530	jcf7180006826209	333	41535
EOG091G053A	jcf7180007208012	0	20968
EOG091G053D	jcf7180006826218	90065	130586
EOG091G053R	jcf7180006902295	0	21017
EOG091G053R	jcf7180006925773	0	20360
EOG091G0554	jcf7180007703544	0	29936
EOG091G0554	jcf7180007182801	0	20810
EOG091G057L	jcf7180006954154	0	20511
EOG091G057L	jcf7180007128505	0	20426
EOG091G059G	jcf7180006834634	0	38011
EOG091G05AA	jcf7180006909173	0	23572
EOG091G05AA	jcf7180006929333	0	23798
EOG091G05AH	jcf7180006884109	0	35637
EOG091G05CI	jcf7180006833296	0	26003
EOG091G05EU	jcf7180007577304	0	21987
EOG091G05FE	jcf7180006956791	0	22547
EOG091G05GZ	jcf7180007735904	0	20756
EOG091G05IK	jcf7180007533735	1382	41582
EOG091G05IK	jcf7180007463702	0	20275
EOG091G05IK	jcf7180007202251	0	20379
EOG091G05K5	jcf7180006842443	0	24002
EOG091G05KR	jcf7180006826246	11396	52694
EOG091G05KR	jcf7180007023278	7776	49005
EOG091G05KR	jcf7180006878289	32501	73691
EOG091G05LX	jcf7180006990798	0	21164
EOG091G05N4	jcf7180007054755	0	20770
EOG091G05N4	jcf7180007732021	0	27855
EOG091G05NK	jcf7180007740303	0	21013
EOG091G05NK	jcf7180006885378	0	28772
EOG091G05NK	jcf7180007072144	0	20403
EOG091G05NZ	jcf7180007711283	0	21166
EOG091G05NZ	jcf7180006826748	0	30599
EOG091G05OR	jcf7180006955208	0	21838
EOG091G05OW	jcf7180007023821	0	38228
EOG091G05OW	jcf7180006826393	47755	88732
EOG091G05Q0	jcf7180007520836	0	20483
EOG091G05Q6	jcf7180007583981	0	21050
EOG091G05Q6	jcf7180007102158	0	20331
EOG091G05RA	jcf7180007529484	0	20355
EOG091G05RA	jcf7180007573644	0	31067
EOG091G05SE	jcf7180007521142	0	47723
EOG091G05SE	jcf7180006933896	0	21035
EOG091G05T4	jcf7180007706376	0	22702
EOG091G05T4	jcf7180007720988	0	22034
EOG091G05T4	jcf7180006833952	0	23084
EOG091G05TG	jcf7180006826393	47965	88489
EOG091G05UF	jcf7180007100477	0	20554
EOG091G05X1	jcf7180006964377	0	20504
EOG091G05XY	jcf7180006876096	0	27473
EOG091G05XY	jcf7180006827957	0	30520
EOG091G05YC	jcf7180007520604	0	22002
EOG091G05ZE	jcf7180006948753	0	29105
EOG091G05ZJ	jcf7180007358324	0	23380
EOG091G060D	jcf7180006989300	0	21177
EOG091G060D	jcf7180007279055	0	20519
EOG091G060D	jcf7180007702466	0	30989
EOG091G0627	jcf7180007703207	0	27081
EOG091G0628	jcf7180007708302	0	26027
EOG091G0628	jcf7180007496256	0	22521
EOG091G062X	jcf7180007580008	0	22987
EOG091G062X	jcf7180007686717	0	21163
EOG091G062X	jcf7180006909295	0	21270
EOG091G065D	jcf7180006832298	0	21523
EOG091G069C	jcf7180006833021	0	38585
EOG091G06CB	jcf7180006868390	0	20706
EOG091G06DH	jcf7180007119744	0	21156
EOG091G06DH	jcf7180006954015	0	22128
EOG091G06EF	jcf7180006826272	29652	70503
EOG091G06HP	jcf7180006854365	0	25941
EOG091G06HP	jcf7180006858313	0	22471
EOG091G06I3	jcf7180007741908	0	24061
EOG091G06I8	jcf7180006845869	0	23225
EOG091G06I8	jcf7180006910794	0	20694
EOG091G06J6	jcf7180007112987	0	20303
EOG091G06JJ	jcf7180007024837	0	35212
EOG091G06LW	jcf7180006826223	0	39975
EOG091G06LW	jcf7180006826259	0	26982
EOG091G06LW	jcf7180006826218	24756	65832
EOG091G06M8	jcf7180007520927	0	33787
EOG091G06MR	jcf7180006826995	0	24912
EOG091G06OM	jcf7180006855370	7455	53930
EOG091G06ON	jcf7180006961897	0	20655
EOG091G06ON	jcf7180007524416	0	22964
EOG091G06ON	jcf7180006835738	0	23407
EOG091G06P4	jcf7180006841381	0	23046
EOG091G06QP	jcf7180006929335	0	30766
EOG091G06QP	jcf7180007396567	0	20330
EOG091G06S3	jcf7180006954068	0	46494
EOG091G06U0	jcf7180006847493	0	37459
EOG091G06XK	jcf7180007727080	0	20375
EOG091G06Y3	jcf7180007065514	0	23361
EOG091G06Y7	jcf7180007703731	0	25430
EOG091G06YD	jcf7180007598138	0	20919
EOG091G0703	jcf7180007224457	0	20585
EOG091G073F	jcf7180006863982	0	24688
EOG091G073F	jcf7180007349834	0	21070
EOG091G073F	jcf7180007251595	0	20444
EOG091G074G	jcf7180007527461	0	25857
EOG091G074J	jcf7180007244009	0	20410
EOG091G074J	jcf7180007359138	0	20256
EOG091G074U	jcf7180007005189	0	20509
EOG091G075F	jcf7180007738666	0	26160
EOG091G075K	jcf7180006988724	0	20768
EOG091G075K	jcf7180006830789	0	20232
EOG091G0769	jcf7180007120793	0	20491
EOG091G0769	jcf7180007535209	0	20958
EOG091G078D	jcf7180007523908	0	22614
EOG091G079R	jcf7180006834743	0	30286
EOG091G07CE	jcf7180006892366	0	35609
EOG091G07D9	jcf7180006986412	0	26830
EOG091G07D9	jcf7180007185335	0	21041
EOG091G07DR	jcf7180007730398	0	25881
EOG091G07DR	jcf7180006935222	0	20774
EOG091G07EJ	jcf7180006826254	0	38502
EOG091G07EJ	jcf7180006829616	0	30252
EOG091G07FP	jcf7180007136175	0	20402
EOG091G07IK	jcf7180007538844	0	21311
EOG091G07IK	jcf7180007577138	0	21615
EOG091G07IY	jcf7180007084799	0	20722
EOG091G07KC	jcf7180007119814	0	20724
EOG091G07KC	jcf7180006872801	0	23557
EOG091G07KL	jcf7180007525935	0	21283
EOG091G07KL	jcf7180007021386	0	20389
EOG091G07N8	jcf7180007137213	0	20678
EOG091G07NJ	jcf7180006866437	0	21190
EOG091G07OD	jcf7180007702624	0	44775
EOG091G07OD	jcf7180007023278	27946	68689
EOG091G07PR	jcf7180006830154	0	34728
EOG091G07PV	jcf7180006940435	0	20561
EOG091G07PV	jcf7180007710916	0	21180
EOG091G07QN	jcf7180006988930	0	21062
EOG091G07S9	jcf7180006836460	0	24001
EOG091G07VQ	jcf7180007573040	0	26850
EOG091G07Z0	jcf7180007029174	0	32540
EOG091G07Z0	jcf7180006866549	0	23667
EOG091G07Z1	jcf7180006923857	0	22481
EOG091G07Z5	jcf7180007241845	0	23171
EOG091G07Z5	jcf7180007736447	0	29286
EOG091G0803	jcf7180007101352	0	20450
EOG091G0814	jcf7180007520504	0	20934
EOG091G081C	jcf7180007432982	0	20829
EOG091G081C	jcf7180007555545	0	20265
EOG091G081H	jcf7180007536939	0	21769
EOG091G085U	jcf7180006832345	0	21511
EOG091G088L	jcf7180007639705	0	21705
EOG091G089T	jcf7180007583413	0	21531
EOG091G08BK	jcf7180006866944	0	22821
EOG091G08BK	jcf7180007589582	0	20523
EOG091G08D1	jcf7180007231910	0	20196
EOG091G08DN	jcf7180006826243	153835	194569
EOG091G08DN	jcf7180007122889	0	21361
EOG091G08FX	jcf7180007023273	0	21091
EOG091G08FX	jcf7180007520247	0	39543
EOG091G08FX	jcf7180006834682	0	27278
EOG091G08IJ	jcf7180007176829	0	20333
EOG091G08JE	jcf7180007567780	0	20462
EOG091G08JG	jcf7180007200746	0	21094
EOG091G08L8	jcf7180007530912	0	36896
EOG091G08LT	jcf7180007573035	0	26583
EOG091G08NN	jcf7180007099117	0	34408
EOG091G08O3	jcf7180006929329	0	27599
EOG091G08O3	jcf7180006878289	41209	81724
EOG091G08PW	jcf7180006869747	0	21930
EOG091G08R8	jcf7180007609206	0	20486
EOG091G08RU	jcf7180007731544	0	20525
EOG091G08SM	jcf7180006841738	0	29522
EOG091G08SM	jcf7180006830660	0	23847
EOG091G08SM	jcf7180006986101	0	20424
EOG091G08UU	jcf7180007709475	0	32278
EOG091G08V8	jcf7180006946724	0	23103
EOG091G08VB	jcf7180006981529	0	27047
EOG091G08VB	jcf7180007308968	0	20387
EOG091G08ZG	jcf7180006954549	0	22458
EOG091G08ZG	jcf7180006982845	0	20754
EOG091G08ZR	jcf7180006931007	0	42786
EOG091G090D	jcf7180007630418	0	20834
EOG091G095O	jcf7180006833336	0	24854
EOG091G096V	jcf7180006905494	0	20697
EOG091G096V	jcf7180007742318	0	23249
EOG091G0977	jcf7180006827026	0	20871
EOG091G0990	jcf7180007532397	0	22690
EOG091G099D	jcf7180007736291	3086	43547
EOG091G09BP	jcf7180006902934	0	23158
EOG091G09BP	jcf7180007703483	0	20570
EOG091G09BP	jcf7180007351761	0	20338
EOG091G09D8	jcf7180007004933	0	20479
EOG091G09D8	jcf7180007679668	0	20248
EOG091G09D8	jcf7180007367590	0	20130
EOG091G09FV	jcf7180007704933	0	37390
EOG091G09FV	jcf7180007659763	0	20623
EOG091G09GA	jcf7180006870673	0	21555
EOG091G09GA	jcf7180007718326	0	20299
EOG091G09GA	jcf7180007383868	0	20527
EOG091G09GO	jcf7180007737067	0	49767
EOG091G09HG	jcf7180006907757	0	21293
EOG091G09HG	jcf7180007029259	0	22369
EOG091G09HG	jcf7180007532305	0	22439
EOG091G09HR	jcf7180006842835	0	20523
EOG091G09J7	jcf7180006826243	56545	97792
EOG091G09KI	jcf7180007134081	0	20359
EOG091G09KI	jcf7180007253764	0	20305
EOG091G09KX	jcf7180006826259	0	34938
EOG091G09KX	jcf7180006929561	0	20914
EOG091G09MD	jcf7180007248681	0	25735
EOG091G09MU	jcf7180006834963	0	25758
EOG091G09MU	jcf7180007436018	0	20508
EOG091G09MU	jcf7180007243320	0	20389
EOG091G09O7	jcf7180007721171	0	20559
EOG091G09O7	jcf7180007554088	0	20419
EOG091G09Q2	jcf7180007215571	0	20101
EOG091G09QO	jcf7180006826267	11038	51892
EOG091G09R0	jcf7180007454666	0	21622
EOG091G09RJ	jcf7180006828891	0	26576
EOG091G09SS	jcf7180006942654	0	20999
EOG091G09T3	jcf7180006874660	0	22007
EOG091G09T3	jcf7180007521702	0	20982
EOG091G09T6	jcf7180007336267	0	20421
EOG091G09T6	jcf7180006852065	0	22245
EOG091G09U9	jcf7180007729383	0	20232
EOG091G09U9	jcf7180007024231	0	23111
EOG091G09U9	jcf7180007619300	0	20687
EOG091G09UA	jcf7180006959636	0	21295
EOG091G09UB	jcf7180007591913	0	20773
EOG091G09UB	jcf7180006875513	0	22038
EOG091G09V2	jcf7180007145768	0	20613
EOG091G09YB	jcf7180007211510	0	20989
EOG091G0A0M	jcf7180006827605	0	26567
EOG091G0A19	jcf7180006846258	0	20869
EOG091G0A2I	jcf7180006858686	0	21322
EOG091G0A2L	jcf7180006873350	0	20477
EOG091G0A5N	jcf7180007586154	0	21061
EOG091G0A5N	jcf7180007579574	0	21848
EOG091G0A5N	jcf7180007691546	0	20632
EOG091G0A79	jcf7180007139697	0	23524
EOG091G0A98	jcf7180006846941	0	22901
EOG091G0AE2	jcf7180006847935	0	22016
EOG091G0AE9	jcf7180007521421	0	23706
EOG091G0AEL	jcf7180006847562	0	26960
EOG091G0AFP	jcf7180006849015	0	30217
EOG091G0AFP	jcf7180006826216	49422	89934
EOG091G0AGM	jcf7180006843819	0	24444
EOG091G0AGM	jcf7180007569083	0	20409
EOG091G0AHJ	jcf7180007526316	0	22325
EOG091G0AHJ	jcf7180006826712	0	26406
EOG091G0AI5	jcf7180007168738	0	20215
EOG091G0AI5	jcf7180007592594	0	20191
EOG091G0AJ6	jcf7180007702775	0	29772
EOG091G0AKM	jcf7180006930785	0	21612
EOG091G0AKW	jcf7180006829639	0	24285
EOG091G0AO6	jcf7180006826264	0	29127
EOG091G0AO6	jcf7180007023273	0	35059
EOG091G0AOO	jcf7180007014949	0	20797
EOG091G0AOO	jcf7180007099615	0	20578
EOG091G0AQA	jcf7180006827881	0	36175
EOG091G0ARE	jcf7180006831846	0	33943
EOG091G0ARL	jcf7180007576919	0	22196
EOG091G0AU6	jcf7180007359435	0	21503
EOG091G0AVA	jcf7180007741700	0	20565
EOG091G0AVP	jcf7180007703081	0	27373
EOG091G0AVW	jcf7180007121043	0	20355
EOG091G0AVW	jcf7180007289614	0	20307
EOG091G0AX1	jcf7180006827872	0	31906
EOG091G0AYM	jcf7180006841360	0	25487
EOG091G0AZV	jcf7180007500389	0	20230
EOG091G0B27	jcf7180006892732	0	21214
EOG091G0B27	jcf7180006953026	0	20867
EOG091G0B2N	jcf7180007525471	0	35076
EOG091G0B9T	jcf7180006826231	0	24849
EOG091G0B9T	jcf7180006826223	0	34076
EOG091G0BAG	jcf7180006834078	0	30665
EOG091G0BAM	jcf7180007520293	0	39411
EOG091G0BBO	jcf7180007709444	0	31724
EOG091G0BCO	jcf7180006914492	0	20709
EOG091G0BCO	jcf7180007333667	0	20283
EOG091G0BDT	jcf7180007163277	0	20735
EOG091G0BED	jcf7180006999722	0	20626
EOG091G0BG4	jcf7180007007685	0	20554
EOG091G0BG4	jcf7180006990870	0	20742
EOG091G0BHP	jcf7180006861800	0	25323
EOG091G0BHV	jcf7180006878358	0	39342
EOG091G0BKR	jcf7180006977552	0	20802
EOG091G0BKR	jcf7180007550334	0	20855
EOG091G0BKX	jcf7180006826243	182181	223284
EOG091G0BKZ	jcf7180006826289	0	22375
EOG091G0BKZ	jcf7180006826229	0	39451
EOG091G0BL9	jcf7180007571722	0	27960
EOG091G0BNI	jcf7180006826216	1840	42217
EOG091G0BPU	jcf7180007137882	0	20717
EOG091G0BPU	jcf7180006998973	0	20703
EOG091G0BPX	jcf7180007520247	0	21547
EOG091G0BQF	jcf7180007652388	0	21076
EOG091G0BTX	jcf7180007581298	0	21274
EOG091G0BUD	jcf7180007702781	0	37304
EOG091G0BUD	jcf7180006903508	0	34041
EOG091G0BUH	jcf7180006854915	0	26822
EOG091G0BUH	jcf7180007739743	0	21040
EOG091G0BUH	jcf7180007347683	0	20170
EOG091G0BWJ	jcf7180007332652	0	20358
EOG091G0BWJ	jcf7180007593296	0	20428
EOG091G0BWJ	jcf7180007261071	0	20486
EOG091G0BX3	jcf7180006920815	0	24754
EOG091G0BX3	jcf7180007098098	0	20277
EOG091G0C2Z	jcf7180007100608	0	20470
EOG091G0C6I	jcf7180007669076	0	20568
EOG091G0C6I	jcf7180007535372	0	20586
EOG091G0C7Y	jcf7180006986920	0	21681
EOG091G0C7Y	jcf7180007525010	0	22860
EOG091G0C84	jcf7180006826216	0	29907
EOG091G0C84	jcf7180006986866	0	23351
EOG091G0C8H	jcf7180006840558	0	26793
EOG091G0C9Y	jcf7180006846191	0	21773
EOG091G0C9Y	jcf7180007668384	0	20928
EOG091G0CAR	jcf7180007282176	0	20366
EOG091G0CAR	jcf7180006986335	0	23729
EOG091G0CAR	jcf7180007702931	0	30934
EOG091G0CEG	jcf7180006965783	0	20564
EOG091G0CEK	jcf7180007199254	0	21067
EOG091G0CEK	jcf7180007527733	0	21341
EOG091G0CEW	jcf7180006871046	0	28055
EOG091G0CEW	jcf7180006856306	0	23054
EOG091G0CF7	jcf7180006826254	3398	44024
EOG091G0CF7	jcf7180007708001	0	25182
EOG091G0CFP	jcf7180006899972	0	21231
EOG091G0CFP	jcf7180006847984	0	21447
EOG091G0CH6	jcf7180007553197	0	21423
EOG091G0CH6	jcf7180007670538	0	20477
EOG091G0CID	jcf7180007526155	0	25218
EOG091G0CID	jcf7180007311965	0	20669
EOG091G0CLR	jcf7180007384107	0	21052
EOG091G0CMN	jcf7180006876618	0	24905
EOG091G0CNT	jcf7180007738317	0	30783
EOG091G0COC	jcf7180006852173	0	20560
EOG091G0CQ2	jcf7180006836914	0	23509
EOG091G0CR4	jcf7180006889688	0	20252
EOG091G0CR4	jcf7180007696676	0	21139
EOG091G0CSZ	jcf7180007545184	0	20835
EOG091G0CSZ	jcf7180007669088	0	20512
EOG091G0CTG	jcf7180006842089	0	29212
EOG091G0CTU	jcf7180007170453	0	20886
EOG091G0CTU	jcf7180007522761	0	23755
EOG091G0CW2	jcf7180007741480	0	21098
EOG091G0CZX	jcf7180007572431	0	22978
EOG091G0CZX	jcf7180007131644	0	20658
EOG091G0D04	jcf7180007306127	0	20278
EOG091G0D0W	jcf7180007314032	0	20719
EOG091G0D0W	jcf7180007007982	0	20480
EOG091G0D26	jcf7180007716310	0	20343
EOG091G0D26	jcf7180007393644	0	20295
EOG091G0D4N	jcf7180007529847	0	21961
EOG091G0D8I	jcf7180006845586	0	22375
EOG091G0D8I	jcf7180006929329	0	26482
EOG091G0D8I	jcf7180006826245	30349	70924
EOG091G0D8N	jcf7180007718076	0	20311
EOG091G0D8N	jcf7180007318283	0	20386
EOG091G0DBF	jcf7180006998006	0	21228
EOG091G0DBF	jcf7180007636494	0	21065
EOG091G0DLW	jcf7180007096029	0	20805
EOG091G0DND	jcf7180007174762	0	20735
EOG091G0DND	jcf7180007652747	0	20632
EOG091G0DPL	jcf7180007524431	0	37662
EOG091G0DQ3	jcf7180006856629	0	21909
EOG091G0DQ3	jcf7180006951715	0	21004
EOG091G0DQ3	jcf7180007526715	0	23709
EOG091G0DQS	jcf7180007598101	0	21794
EOG091G0DQT	jcf7180007224815	0	20727
EOG091G0DRZ	jcf7180007742590	0	23175
EOG091G0DRZ	jcf7180006860438	0	22577
EOG091G0DTB	jcf7180007528537	0	28224
EOG091G0DTB	jcf7180006990739	0	20996
EOG091G0DTD	jcf7180007703549	0	32925
EOG091G0DTE	jcf7180007523494	0	26254
EOG091G0DTE	jcf7180006838938	0	38910
EOG091G0DTP	jcf7180007448393	0	20656
EOG091G0DVQ	jcf7180006888152	0	20363
EOG091G0DVQ	jcf7180007703838	0	36302
EOG091G0DWW	jcf7180007712704	0	30474
EOG091G0DXC	jcf7180006847878	0	26251
EOG091G0DXP	jcf7180007251408	0	20330
EOG091G0DXP	jcf7180006930605	0	20795
EOG091G0DXP	jcf7180006935439	0	20844
EOG091G0DXV	jcf7180007047499	0	20381
EOG091G0DXV	jcf7180007583955	0	21684
EOG091G0DXV	jcf7180006836681	0	24043
EOG091G0DYW	jcf7180007571850	0	32291
EOG091G0E06	jcf7180007201497	0	20276
EOG091G0E06	jcf7180006855662	5851	46000
EOG091G0E11	jcf7180006901009	0	20667
EOG091G0E11	jcf7180006826245	50078	90326
EOG091G0E11	jcf7180007092500	0	20589
EOG091G0E2R	jcf7180006855561	0	23175
EOG091G0E2X	jcf7180007594623	0	20545
EOG091G0E3V	jcf7180007522927	0	22662
EOG091G0E5O	jcf7180006855145	0	20788
EOG091G0E7S	jcf7180006833391	0	28069
EOG091G0E7S	jcf7180006903567	0	24124
EOG091G0E7S	jcf7180007168126	0	20699
EOG091G0E8J	jcf7180006827657	0	25698
EOG091G0EA2	jcf7180006826303	0	27928
EOG091G0EAF	jcf7180006951539	0	24755
EOG091G0EAF	jcf7180007243372	0	20561
EOG091G0EH8	jcf7180006847527	0	20797
EOG091G0EHF	jcf7180007057683	0	20294
EOG091G0EHY	jcf7180007042306	0	21787
EOG091G0EHZ	jcf7180006847794	0	31686
EOG091G0EKA	jcf7180006827595	0	26312
EOG091G0EKA	jcf7180006849425	0	21666
EOG091G0ELO	jcf7180007211241	0	20348
EOG091G0ELO	jcf7180007297670	0	20359
EOG091G0ELS	jcf7180006856881	0	25372
EOG091G0EM6	jcf7180007734810	0	22089
EOG091G0EM6	jcf7180006826216	43508	83720
EOG091G0EMF	jcf7180007523051	0	38692
EOG091G0EMF	jcf7180007021044	0	20416
EOG091G0EQR	jcf7180007383269	0	20207
EOG091G0ER1	jcf7180007526834	0	29482
EOG091G0ERU	jcf7180006893670	0	22025
EOG091G0EUU	jcf7180006834743	0	27960
EOG091G0EUU	jcf7180007731949	0	20760
EOG091G0EVK	jcf7180007576464	0	25476
EOG091G0EZ8	jcf7180006835137	0	27573
EOG091G0EZO	jcf7180007525568	0	28810
EOG091G0EZO	jcf7180006833917	0	25899
EOG091G0F0I	jcf7180007710515	0	22628
EOG091G0F93	jcf7180007591652	0	20364
EOG091G0F93	jcf7180007320074	0	20569
EOG091G0FAM	jcf7180006911556	0	20867
EOG091G0FAM	jcf7180007548454	0	21163
EOG091G0FAM	jcf7180006977552	0	20877
EOG091G0FH3	jcf7180006826289	0	24770
EOG091G0FIJ	jcf7180006863688	0	41375
EOG091G0FIJ	jcf7180006859204	0	23473
EOG091G0FJB	jcf7180006899255	3218	55692
EOG091G0FPM	jcf7180006909650	0	33372
EOG091G0FPV	jcf7180006826218	467945	509102
EOG091G0FQ2	jcf7180006826324	0	33197
EOG091G0FQ2	jcf7180007023615	0	22268
EOG091G0FS8	jcf7180007710473	0	22456
EOG091G0FSK	jcf7180007720339	0	20426
EOG091G0FSK	jcf7180007066585	0	20312
EOG091G0FTU	jcf7180006826254	0	28413
EOG091G0FTU	jcf7180006950158	0	20888
EOG091G0FWS	jcf7180007703834	0	39305
EOG091G0FWS	jcf7180006838087	0	23483
EOG091G0FXV	jcf7180006826253	3743	44546
EOG091G0FYY	jcf7180007276669	0	20529
EOG091G0FZN	jcf7180006863031	0	26854
EOG091G0G3M	jcf7180007572457	0	20788
EOG091G0G58	jcf7180007172321	0	20371
EOG091G0G6C	jcf7180006921555	0	20574
EOG091G0G6Z	jcf7180007586576	0	20911
EOG091G0G71	jcf7180006947157	0	20883
EOG091G0G71	jcf7180006871609	0	34265
EOG091G0G71	jcf7180007024428	0	35207
EOG091G0G88	jcf7180006959704	0	20724
EOG091G0G88	jcf7180006987287	0	20714
EOG091G0G8R	jcf7180007520247	0	20569
EOG091G0G8S	jcf7180007596626	0	20946
EOG091G0G8S	jcf7180007570133	0	20404
EOG091G0GDF	jcf7180007573382	0	28637
EOG091G0GDF	jcf7180007362611	0	21679
EOG091G0GI9	jcf7180007555001	0	20588
EOG091G0GIC	jcf7180007385351	0	21693
EOG091G0GKH	jcf7180006946413	0	21094
EOG091G0GKX	jcf7180007618003	0	20353
EOG091G0GN7	jcf7180007609781	0	20631
EOG091G0GN7	jcf7180007555496	0	20590
EOG091G0GOU	jcf7180006827282	0	26367
EOG091G0GOU	jcf7180007717324	0	20466
EOG091G0GUK	jcf7180006830222	0	22772
EOG091G0GUK	jcf7180007731824	0	27526
EOG091G0GUK	jcf7180007025247	0	36127
EOG091G0GVZ	jcf7180007457507	0	21000
EOG091G0GWF	jcf7180006988030	0	22330
EOG091G0GWF	jcf7180006931472	0	21683
EOG091G0GWF	jcf7180007150082	0	21235
EOG091G0GWO	jcf7180007139331	0	21055
EOG091G0GY1	jcf7180007551995	0	21530
EOG091G0GZ4	jcf7180007578768	0	21717
EOG091G0GZ4	jcf7180007347591	0	20388
EOG091G0H07	jcf7180007460010	0	21213
EOG091G0H0S	jcf7180006994013	0	20672
EOG091G0H3D	jcf7180006829819	0	33935
EOG091G0H3U	jcf7180006984073	0	20600
EOG091G0H5Q	jcf7180006861161	0	20778
EOG091G0H5Q	jcf7180006903845	0	21083
EOG091G0H62	jcf7180006852431	0	22559
EOG091G0H62	jcf7180007742537	0	24382
EOG091G0H64	jcf7180006891830	0	22190
EOG091G0H6A	jcf7180006838863	0	21785
EOG091G0H6J	jcf7180006907501	0	21505
EOG091G0H8F	jcf7180006895109	0	20651
EOG091G0H8F	jcf7180006922488	0	20851
EOG091G0HAI	jcf7180007084710	0	32948
EOG091G0HAI	jcf7180006877528	0	23003
EOG091G0HAI	jcf7180006963078	0	20650
EOG091G0HAT	jcf7180007025247	17051	57293
EOG091G0HBC	jcf7180006826245	48049	88510
EOG091G0HC5	jcf7180007269152	0	20158
EOG091G0HJH	jcf7180007653704	0	20639
EOG091G0HJH	jcf7180006855161	0	22367
EOG091G0HOK	jcf7180006838954	0	25239
EOG091G0HOK	jcf7180006894985	0	22177
EOG091G0HOK	jcf7180006837178	0	26428
EOG091G0HP9	jcf7180007411220	0	20334
EOG091G0HQ3	jcf7180007738026	0	25229
EOG091G0HS4	jcf7180006830669	0	23911
EOG091G0HS8	jcf7180007532405	0	24529
EOG091G0HSB	jcf7180006932129	0	39802
EOG091G0HT4	jcf7180007042783	0	21094
EOG091G0HT4	jcf7180006826272	4483	45532
EOG091G0HTU	jcf7180006832005	0	21175
EOG091G0HXI	jcf7180006827245	0	35616
EOG091G0HXI	jcf7180006846223	0	21613
EOG091G0HXJ	jcf7180007532100	0	28258
EOG091G0HXJ	jcf7180006994554	0	20651
EOG091G0HXJ	jcf7180007742046	0	20854
EOG091G0HYF	jcf7180006977798	0	20494
EOG091G0HYF	jcf7180006866128	0	21494
EOG091G0HYF	jcf7180007341143	0	20418
EOG091G0HZK	jcf7180006877973	0	26790
EOG091G0I2X	jcf7180006875510	0	20234
EOG091G0I2Z	jcf7180007713408	0	29593
EOG091G0I5H	jcf7180007168932	0	20202
EOG091G0I85	jcf7180007704735	0	24367
EOG091G0I8J	jcf7180007578728	0	23345
EOG091G0ID9	jcf7180006873683	0	21407
EOG091G0IDG	jcf7180007520977	0	23646
EOG091G0IDG	jcf7180007120239	0	20363
EOG091G0IDP	jcf7180006974126	0	20681
EOG091G0IDP	jcf7180007138621	0	21355
EOG091G0IDP	jcf7180007232281	0	20360
EOG091G0IDS	jcf7180006900260	0	20752
EOG091G0IF3	jcf7180007597098	0	20432
EOG091G0IGG	jcf7180006924705	0	32837
EOG091G0IGG	jcf7180007251926	0	20773
EOG091G0ILG	jcf7180007137893	0	20074
EOG091G0ILS	jcf7180006884053	0	31094
EOG091G0IMB	jcf7180007129189	0	20519
EOG091G0IMD	jcf7180007736291	0	28682
EOG091G0IQ7	jcf7180006932158	0	23654
EOG091G0IQD	jcf7180006902499	0	22080
EOG091G0IQD	jcf7180007150500	0	21068
EOG091G0IQD	jcf7180007203771	0	20312
EOG091G0IRO	jcf7180006943398	0	20375
EOG091G0IRO	jcf7180006935272	0	21178
EOG091G0IS6	jcf7180007720564	0	21525
EOG091G0IS6	jcf7180006826218	280753	321169
EOG091G0ITS	jcf7180007583372	0	27605
EOG091G0IUT	jcf7180007098069	0	30173
EOG091G0IVB	jcf7180006826245	0	34687
EOG091G0IWR	jcf7180006831493	0	32834
EOG091G0IX8	jcf7180006827293	0	27250
EOG091G0IXT	jcf7180006971470	0	21206
EOG091G0IYB	jcf7180006881784	0	27696
EOG091G0IYB	jcf7180007690742	0	20451
EOG091G0IZX	jcf7180006832581	12668	57907
EOG091G0J09	jcf7180006844232	0	21489
EOG091G0J09	jcf7180006875538	0	33552
EOG091G0J14	jcf7180006833917	0	30304
EOG091G0J14	jcf7180006826262	7609	48079
EOG091G0J2W	jcf7180007046931	0	21250
EOG091G0J56	jcf7180007181558	0	20755
EOG091G0J61	jcf7180006961716	0	20260
EOG091G0J61	jcf7180007702948	0	31976
EOG091G0J69	jcf7180007380891	0	20309
EOG091G0J7A	jcf7180007140875	0	20283
EOG091G0J98	jcf7180007525981	0	23282
EOG091G0JBM	jcf7180006865465	0	22766
EOG091G0JBZ	jcf7180007723612	0	20664
EOG091G0JBZ	jcf7180006826251	11690	52070
EOG091G0JC7	jcf7180006988914	0	20325
EOG091G0JEC	jcf7180006826209	11028	51339
EOG091G0JGU	jcf7180007023560	0	21474
EOG091G0JHN	jcf7180007703871	5564	45911
EOG091G0JHQ	jcf7180007578558	0	21091
EOG091G0JI0	jcf7180006864931	0	26630
EOG091G0JI1	jcf7180006913915	0	20751
EOG091G0JIA	jcf7180007532760	0	20426
EOG091G0JMY	jcf7180006828037	0	30959
EOG091G0JTR	jcf7180007125960	0	20619
EOG091G0JU7	jcf7180007138323	0	21169
EOG091G0JUY	jcf7180007521759	0	21364
EOG091G0JWC	jcf7180006826260	0	28028
EOG091G0JWC	jcf7180006826218	298283	338684
EOG091G0JZV	jcf7180007143783	0	20646
EOG091G0JZV	jcf7180006978927	0	21031
EOG091G0K0H	jcf7180007199575	0	20307
EOG091G0K1G	jcf7180006913890	0	21701
EOG091G0K1G	jcf7180006826303	0	23818
EOG091G0K1Z	jcf7180006834467	0	22549
EOG091G0K2R	jcf7180006968679	0	20514
EOG091G0K6O	jcf7180006908324	0	20750
EOG091G0K6O	jcf7180007610153	0	20876
EOG091G0K82	jcf7180006847865	0	28410
EOG091G0K82	jcf7180007252632	0	20437
EOG091G0K95	jcf7180007023827	0	22509
EOG091G0K98	jcf7180007529690	0	25156
EOG091G0K9M	jcf7180006851831	0	24418
EOG091G0KC3	jcf7180006971261	0	20730
EOG091G0KEQ	jcf7180007024551	0	20664
EOG091G0KGO	jcf7180006959402	0	20657
EOG091G0KGX	jcf7180007702420	0	20600
EOG091G0KHF	jcf7180007521921	0	22879
EOG091G0KJA	jcf7180006826255	11087	51431
EOG091G0KM6	jcf7180006974201	0	20827
EOG091G0KNT	jcf7180007252850	0	20420
EOG091G0KNT	jcf7180007061424	0	21390
EOG091G0KR3	jcf7180006826960	0	31251
EOG091G0KR3	jcf7180007554767	0	20723
EOG091G0KRB	jcf7180006873312	0	27056
EOG091G0KRZ	jcf7180007231380	0	20332
EOG091G0KRZ	jcf7180007521967	0	22940
EOG091G0KS8	jcf7180007628078	0	20537
EOG091G0KS8	jcf7180006898660	0	20953
EOG091G0KS8	jcf7180006892577	0	24576
EOG091G0KSQ	jcf7180007025199	0	21348
EOG091G0KSX	jcf7180007412538	0	20532
EOG091G0KUR	jcf7180007742681	0	20324
EOG091G0KVW	jcf7180006827885	0	36512
EOG091G0L2T	jcf7180006919280	0	20684
EOG091G0L2T	jcf7180006996073	0	20670
EOG091G0L3L	jcf7180006833201	0	21171
EOG091G0L4M	jcf7180006926565	0	22085
EOG091G0L4M	jcf7180007292389	0	20383
EOG091G0L4M	jcf7180006994074	0	20381
EOG091G0L4Z	jcf7180006848099	0	21427
EOG091G0L5D	jcf7180006848362	0	30014
EOG091G0L5I	jcf7180007572938	0	27623
EOG091G0L5X	jcf7180006826218	293082	333414
EOG091G0L5X	jcf7180006889316	0	24802
EOG091G0L5X	jcf7180006826219	8435	48758
EOG091G0L5Z	jcf7180006872369	0	27495
EOG091G0L66	jcf7180006873439	0	31538
EOG091G0L84	jcf7180006866945	0	36462
EOG091G0L84	jcf7180007704474	0	33137
EOG091G0LAR	jcf7180007623599	0	20384
EOG091G0LB8	jcf7180007140662	0	20462
EOG091G0LBN	jcf7180007373888	0	20142
EOG091G0LCK	jcf7180007566525	0	20290
EOG091G0LCT	jcf7180006909119	0	34456
EOG091G0LFF	jcf7180006903393	0	25770
EOG091G0LIN	jcf7180007254590	0	20337
EOG091G0LKE	jcf7180006827886	0	33405
EOG091G0LMQ	jcf7180006827993	0	21892
EOG091G0LMY	jcf7180007137932	0	20122
EOG091G0LO1	jcf7180007630519	0	20329
EOG091G0LP5	jcf7180006831219	0	23190
EOG091G0LRI	jcf7180007538698	0	21814
EOG091G0LS0	jcf7180007527510	0	22244
EOG091G0LT0	jcf7180007733366	0	38242
EOG091G0LT1	jcf7180007702808	0	33030
EOG091G0LTE	jcf7180007347285	0	21143
EOG091G0LVQ	jcf7180007704901	0	23257
EOG091G0LVQ	jcf7180007542527	0	21284
EOG091G0LZ0	jcf7180007011782	0	21976
EOG091G0M04	jcf7180007609022	0	20824
EOG091G0M0J	jcf7180007730000	0	26696
EOG091G0M0S	jcf7180007524375	0	21609
EOG091G0M0S	jcf7180007190277	0	20131
EOG091G0M12	jcf7180007572094	0	21390
EOG091G0M22	jcf7180006902924	0	23353
EOG091G0M22	jcf7180007146279	0	20213
EOG091G0M22	jcf7180007457359	0	20554
EOG091G0M24	jcf7180007153977	0	20468
EOG091G0M3C	jcf7180006826393	0	36120
EOG091G0M3C	jcf7180007736291	76769	117125
EOG091G0M4K	jcf7180007148520	0	20461
EOG091G0M4K	jcf7180007521497	0	36549
EOG091G0M8S	jcf7180006872585	0	21537
EOG091G0MB2	jcf7180007094472	0	21507
EOG091G0MB2	jcf7180006845099	0	20262
EOG091G0MBG	jcf7180006930080	0	27900
EOG091G0MBX	jcf7180006980818	0	20397
EOG091G0MCM	jcf7180007736291	16910	57239
EOG091G0MCM	jcf7180007738893	0	25115
EOG091G0MCM	jcf7180006826229	0	28336
EOG091G0MDD	jcf7180006830125	0	28225
EOG091G0MDG	jcf7180006826424	0	22704
EOG091G0MDT	jcf7180006830451	0	29764
EOG091G0MDT	jcf7180007705165	0	23843
EOG091G0MF6	jcf7180007531906	0	26260
EOG091G0MG7	jcf7180006962323	0	20872
EOG091G0MI7	jcf7180007234760	0	20110
EOG091G0MJA	jcf7180007521635	0	26234
EOG091G0MKY	jcf7180006920718	0	24320
EOG091G0MLD	jcf7180006934587	0	20723
EOG091G0MLX	jcf7180006936510	0	22157
EOG091G0MMY	jcf7180006886807	0	22414
EOG091G0MP6	jcf7180006880758	0	29016
EOG091G0MRS	jcf7180007739608	0	20681
EOG091G0MRS	jcf7180007737201	18935	59321
EOG091G0MRS	jcf7180007720454	0	20540
EOG091G0MSB	jcf7180007442575	0	22020
EOG091G0MSR	jcf7180007583790	0	22318
EOG091G0MUD	jcf7180006826262	66241	106810
EOG091G0MVL	jcf7180006838630	0	26477
EOG091G0MVL	jcf7180006891910	0	27193
EOG091G0MVL	jcf7180006835101	0	25797
EOG091G0MVR	jcf7180007624618	0	20793
EOG091G0MVR	jcf7180007034129	0	21203
EOG091G0MY0	jcf7180007361967	0	20675
EOG091G0MY0	jcf7180006843866	0	25355
EOG091G0MY8	jcf7180006847049	0	20658
EOG091G0MZC	jcf7180007721973	0	20763
EOG091G0N0A	jcf7180006912043	0	25996
EOG091G0N0A	jcf7180007004121	0	20476
EOG091G0N0R	jcf7180006826229	0	38789
EOG091G0N0R	jcf7180006826303	0	22701
EOG091G0N0U	jcf7180006917807	0	20704
EOG091G0N0U	jcf7180007618651	0	20497
EOG091G0N2F	jcf7180006901862	0	20999
EOG091G0N9D	jcf7180007737841	0	20578
EOG091G0N9D	jcf7180007571822	0	28172
EOG091G0N9Z	jcf7180007385121	0	20227
EOG091G0N9Z	jcf7180007641763	0	20423
EOG091G0N9Z	jcf7180007417294	0	20167
EOG091G0NH9	jcf7180006928224	0	20358
EOG091G0NH9	jcf7180007197439	0	20301
EOG091G0NIU	jcf7180007028759	0	20809
EOG091G0NIU	jcf7180006976242	0	20621
EOG091G0NIY	jcf7180006913915	0	20733
EOG091G0NK3	jcf7180006841958	0	27065
EOG091G0NKD	jcf7180006826240	30564	71019
EOG091G0NKD	jcf7180007737282	0	28917
EOG091G0NMJ	jcf7180007705355	0	27580
EOG091G0NNO	jcf7180006826393	64396	105493
EOG091G0NP6	jcf7180007738266	55737	96107
EOG091G0NQW	jcf7180006950243	0	32071
EOG091G0NRN	jcf7180007121181	0	20528
EOG091G0NTO	jcf7180006902235	0	23206
EOG091G0NVA	jcf7180006838895	0	24645
EOG091G0O40	jcf7180007617381	0	20553
EOG091G0O6E	jcf7180007639559	0	20471
EOG091G0O7O	jcf7180006845315	0	20629
EOG091G0O97	jcf7180007611305	0	20986
EOG091G0O9D	jcf7180007026145	0	36079
EOG091G0OFC	jcf7180007521557	0	21314
EOG091G0OHF	jcf7180007703492	0	41836
EOG091G0OI8	jcf7180007526515	0	38077
EOG091G0ONT	jcf7180006908924	0	22170
EOG091G0OPI	jcf7180006826245	37047	77541
EOG091G0OUM	jcf7180007545508	0	20627
EOG091G0OWI	jcf7180006890978	0	20974
EOG091G0P4K	jcf7180006836639	0	27988
EOG091G0P5H	jcf7180007548800	0	20546
EOG091G0P5N	jcf7180007245602	0	20893
EOG091G0P9B	jcf7180006845197	0	22208
EOG091G0PAG	jcf7180006833201	0	21207
EOG091G0PD3	jcf7180007523742	0	21387
EOG091G0PEI	jcf7180006906222	0	20520
EOG091G0PGM	jcf7180007237539	0	20461
EOG091G0PHL	jcf7180007526153	0	25335
EOG091G0PIU	jcf7180006860992	0	20637
EOG091G0PL0	jcf7180006873654	0	21579
EOG091G0PNO	jcf7180007023348	0	35432
EOG091G0PNP	jcf7180007734748	0	20645
EOG091G0PUZ	jcf7180006846301	0	20920
EOG091G0PXB	jcf7180006889887	0	23341
EOG091G0Q02	jcf7180007535146	0	20522
EOG091G0Q02	jcf7180007732802	0	20707
EOG091G0Q02	jcf7180007691724	0	20091
EOG091G0Q27	jcf7180006832002	0	21977
EOG091G0Q27	jcf7180007179506	0	20169
EOG091G0Q58	jcf7180007199016	0	20201
EOG091G0Q58	jcf7180006912657	0	21376
EOG091G0Q58	jcf7180007536275	0	20749
EOG091G0Q7M	jcf7180007222100	0	20327
EOG091G0QCX	jcf7180006826218	186842	227138
EOG091G0QCX	jcf7180007571715	0	26827
EOG091G0QE1	jcf7180006844645	0	28868
EOG091G0QEQ	jcf7180007738586	0	32940
EOG091G0QGZ	jcf7180006905705	0	20644
EOG091G0QGZ	jcf7180007209181	0	20537
EOG091G0QGZ	jcf7180006826229	0	34660
EOG091G0QIP	jcf7180006871034	0	20374
EOG091G0QJA	jcf7180006857833	0	20696
EOG091G0QKK	jcf7180007026439	0	20519
EOG091G0QNW	jcf7180007521580	0	38396
EOG091G0QPG	jcf7180007124555	0	20330
EOG091G0QPG	jcf7180006996386	0	24746
EOG091G0QRW	jcf7180007571715	0	26402
EOG091G0QRW	jcf7180007298295	0	21206
EOG091G0QS4	jcf7180007523308	0	25771
EOG091G0QS6	jcf7180007723149	0	20382
EOG091G0QUH	jcf7180007736428	0	20619
EOG091G0QW9	jcf7180007300554	0	20393
EOG091G0QW9	jcf7180007432952	0	20167
EOG091G0QZ2	jcf7180006826303	0	21274
EOG091G0QZ2	jcf7180007014996	0	20417
EOG091G0R04	jcf7180006826824	0	24226
EOG091G0R0A	jcf7180007739839	0	21132
EOG091G0R21	jcf7180006840958	0	33644
EOG091G0R3S	jcf7180007332995	0	21440
EOG091G0R6Z	jcf7180007401071	0	20390
EOG091G0R9X	jcf7180007712919	0	25867
EOG091G0RA2	jcf7180006878290	0	22378
EOG091G0RA2	jcf7180007443797	0	20349
EOG091G0RA2	jcf7180007538348	0	27846
EOG091G0RHX	jcf7180007577758	0	25091
EOG091G0RKU	jcf7180006957915	0	21345
EOG091G0RKU	jcf7180007572404	0	22454
EOG091G0RM8	jcf7180007077418	0	20745
EOG091G0RM8	jcf7180006873479	0	20708
EOG091G0RM8	jcf7180007580857	0	20776
EOG091G0RPE	jcf7180007738912	0	34608
EOG091G0RPE	jcf7180007259111	0	20410
EOG091G0RR3	jcf7180006885040	0	29067
EOG091G0RRN	jcf7180007523595	1825	42193
EOG091G0RRT	jcf7180006837244	7239	47561
EOG091G0RT1	jcf7180006861462	0	28497
EOG091G0RTI	jcf7180006939215	0	31699
EOG091G0RTZ	jcf7180007702616	0	22945
EOG091G0RTZ	jcf7180007610406	0	20270
EOG091G0RTZ	jcf7180006890920	0	21908
EOG091G0RVD	jcf7180006842300	0	20413
EOG091G0RVD	jcf7180007617017	0	20654
EOG091G0RWW	jcf7180007702850	0	38620
EOG091G0S5L	jcf7180007371340	0	20294
EOG091G0S5L	jcf7180007356282	0	21211
EOG091G0S8Y	jcf7180006972520	0	21517
EOG091G0S8Y	jcf7180006892156	0	20817
EOG091G0SAU	jcf7180007568391	0	20258
EOG091G0SAU	jcf7180007621912	0	20673
EOG091G0SB2	jcf7180006826245	10888	51235
EOG091G0SBR	jcf7180007536502	0	20299
EOG091G0SBR	jcf7180007702613	0	22448
EOG091G0SGH	jcf7180006866131	0	21248
EOG091G0SM9	jcf7180007705531	0	30526
EOG091G0SNM	jcf7180007735892	0	24171
EOG091G0SQV	jcf7180007027057	0	21053
EOG091G0SRJ	jcf7180007624680	0	20439
EOG091G0SRZ	jcf7180007470938	0	20964
EOG091G0SRZ	jcf7180007572666	0	22812
EOG091G0SU6	jcf7180006863364	0	36576
EOG091G0SV1	jcf7180007531714	0	20623
EOG091G0T5O	jcf7180006958793	0	20781
EOG091G0T79	jcf7180007733718	0	20368
EOG091G0TA6	jcf7180007702934	0	25816
EOG091G0TAC	jcf7180007210252	0	20198
EOG091G0TAU	jcf7180006971209	0	21058
EOG091G0TCJ	jcf7180007024801	0	22068
EOG091G0TKH	jcf7180007521166	0	25564
EOG091G0TKH	jcf7180006938485	0	20766
EOG091G0TKH	jcf7180006826245	149106	189354
EOG091G0TM2	jcf7180007706368	0	20743
EOG091G0TN4	jcf7180007587310	0	20681
EOG091G0TNU	jcf7180006942837	0	20516
EOG091G0TNU	jcf7180007531541	0	33018
EOG091G0TNU	jcf7180006982938	0	20595
EOG091G0TQF	jcf7180007024138	0	32510
EOG091G0TRW	jcf7180007739363	0	31370
EOG091G0TSE	jcf7180007580997	0	23389
EOG091G0TVG	jcf7180007736240	0	25385
EOG091G0TWR	jcf7180007614470	0	20248
EOG091G0TWR	jcf7180006826216	117998	158183
EOG091G0TWR	jcf7180007702805	0	27134
EOG091G0TZX	jcf7180006827718	0	21822
EOG091G0U3W	jcf7180007232804	0	21679
EOG091G0U4B	jcf7180006855284	0	20591
EOG091G0U4B	jcf7180006995162	0	20812
EOG091G0U75	jcf7180006843176	0	21853
EOG091G0U75	jcf7180007027877	0	20881
EOG091G0UB5	jcf7180006930664	0	24588
EOG091G0UE6	jcf7180006836959	0	34519
EOG091G0UKP	jcf7180006828347	7038	50012
EOG091G0UKP	jcf7180007538566	0	23398
EOG091G0ULR	jcf7180007410999	0	20530
EOG091G0UQZ	jcf7180007702624	14899	55197
EOG091G0UQZ	jcf7180007521013	0	29900
EOG091G0UTL	jcf7180006839190	0	40087
EOG091G0UTL	jcf7180007150082	0	20770
EOG091G0UXY	jcf7180007534829	0	21325
EOG091G0UYL	jcf7180007527703	0	21687
EOG091G0UYL	jcf7180007523929	0	21948
EOG091G0V3C	jcf7180006970203	0	21648
EOG091G0VGJ	jcf7180006889081	0	20630
EOG091G0VGJ	jcf7180007725961	0	20374
EOG091G0VIF	jcf7180006865717	0	22715
EOG091G0VNB	jcf7180007704757	0	23769
EOG091G0VQK	jcf7180007741948	0	25547
EOG091G0VSN	jcf7180006913721	0	22026
EOG091G0VSZ	jcf7180007568093	0	38715
EOG091G0VSZ	jcf7180007569426	0	20693
EOG091G0VTN	jcf7180007738640	0	23623
EOG091G0VVZ	jcf7180006827200	0	36319
EOG091G0VWO	jcf7180006920681	0	26866
EOG091G0VZF	jcf7180006829720	0	28177
EOG091G0W0U	jcf7180007713422	0	23118
EOG091G0W1S	jcf7180006827412	0	21940
EOG091G0W1S	jcf7180007543659	0	21234
EOG091G0W26	jcf7180007522167	0	25014
EOG091G0W2D	jcf7180007708476	0	20455
EOG091G0W5M	jcf7180007571779	0	21047
EOG091G0W6G	jcf7180006870760	0	23013
EOG091G0W8V	jcf7180007535946	0	21070
EOG091G0W96	jcf7180006924273	0	23385
EOG091G0WAL	jcf7180007537816	0	21161
EOG091G0WPV	jcf7180007527078	0	21437
EOG091G0WT4	jcf7180007274827	0	20343
EOG091G0WT4	jcf7180006839240	0	22734
EOG091G0WT4	jcf7180007578141	0	22113
EOG091G0WUF	jcf7180007241545	0	20338
EOG091G0WZ0	jcf7180007638216	0	20771
EOG091G0X1V	jcf7180007252814	0	20388
EOG091G0X1Z	jcf7180007741983	0	21923
EOG091G0X3B	jcf7180006884552	0	20386
EOG091G0X8F	jcf7180006835309	0	20780
EOG091G0X8F	jcf7180006871307	0	20327
EOG091G0XN1	jcf7180007738641	0	24799
EOG091G0XQ3	jcf7180006836078	0	20680
EOG091G0XVD	jcf7180006826218	185913	226224
EOG091G0XVD	jcf7180006844255	0	21139
EOG091G0XVD	jcf7180007336800	0	20712
EOG091G0XXE	jcf7180007591984	0	20383
EOG091G0XXE	jcf7180006870940	0	25763
EOG091G0XXM	jcf7180007456021	0	21064
EOG091G0XXM	jcf7180007520679	1404	41574
EOG091G0XYP	jcf7180007529315	0	20823
EOG091G0XZC	jcf7180006861790	0	20559
EOG091G0Y05	jcf7180006896342	0	21004
EOG091G0Y05	jcf7180007181296	0	20210
EOG091G0Y09	jcf7180006842933	0	28091
EOG091G0Y09	jcf7180007721659	0	20801
EOG091G0Y35	jcf7180006875924	0	21037
EOG091G0Y35	jcf7180006999278	0	20412
EOG091G0Y96	jcf7180006854828	0	26882
EOG091G0Y96	jcf7180007396466	0	20293
EOG091G0YCT	jcf7180007017111	0	20141
EOG091G0YHX	jcf7180007084576	0	20665
EOG091G0YHX	jcf7180006850215	0	24294
EOG091G0YP6	jcf7180006923052	0	27222
EOG091G0YU6	jcf7180007704185	0	34908
EOG091G0YUO	jcf7180006872805	0	26178
EOG091G0YVI	jcf7180006844846	0	28343
EOG091G0YY3	jcf7180007636819	0	20584
EOG091G0Z4E	jcf7180006898375	0	20962
EOG091G0Z6N	jcf7180007582551	0	20548
EOG091G0ZDR	jcf7180006959044	4556	44831
EOG091G0ZLI	jcf7180007179222	0	20449
EOG091G0ZLI	jcf7180006874009	0	21387
EOG091G0ZLI	jcf7180006836770	0	27116
EOG091G0ZLQ	jcf7180007709382	0	33650
EOG091G0ZRG	jcf7180006969135	0	20674
EOG091G0ZRG	jcf7180007525359	0	23180
EOG091G0ZRG	jcf7180006826303	0	24282
EOG091G0ZTA	jcf7180007004475	0	20114
EOG091G0ZUA	jcf7180007455272	0	21163
EOG091G0ZWE	jcf7180007023995	0	23094
EOG091G105E	jcf7180007527648	0	23630
EOG091G107U	jcf7180007120052	0	21130
EOG091G10CG	jcf7180007076772	0	20259
EOG091G10FG	jcf7180007708088	0	26975
EOG091G10IX	jcf7180007736618	0	39796
EOG091G10O5	jcf7180007528435	0	23900
EOG091G10SA	jcf7180007172453	0	20538
EOG091G10SJ	jcf7180007354222	0	21308
EOG091G112U	jcf7180006987338	4433	44765
EOG091G112U	jcf7180007729839	0	20320
EOG091G113O	jcf7180007532927	0	29260
EOG091G1144	jcf7180006834673	0	23074
EOG091G1144	jcf7180007522505	0	23711
EOG091G114S	jcf7180007703793	0	27305
EOG091G114S	jcf7180007372243	0	20234
EOG091G115J	jcf7180006840240	0	23696
EOG091G11CG	jcf7180007119119	0	22691
EOG091G11CG	jcf7180006986941	0	24063
EOG091G11CO	jcf7180006833581	0	23515
EOG091G11IM	jcf7180007523809	0	23430
EOG091G11IM	jcf7180007164547	0	20679
EOG091G11O6	jcf7180007586756	0	22142
EOG091G11OU	jcf7180006896302	0	23870
EOG091G11QL	jcf7180007104435	0	20308
EOG091G11QL	jcf7180007224555	0	21164
EOG091G11QL	jcf7180006979029	0	20472
EOG091G126R	jcf7180006940726	0	21184
EOG091G126R	jcf7180006844695	0	20644
EOG091G1285	jcf7180007520596	0	29717
EOG091G1311	jcf7180006864455	0	20845
EOG091G1311	jcf7180007521708	0	21075
EOG091G132G	jcf7180007713013	0	21562
EOG091G132G	jcf7180007088093	0	20712
EOG091G132G	jcf7180007590282	0	20513
EOG091G134K	jcf7180007023890	0	31419
EOG091G13IJ	jcf7180007576686	0	24519
EOG091G13NA	jcf7180006913759	0	20647
EOG091G13NA	jcf7180006990605	0	20921
EOG091G13XF	jcf7180007689783	0	20416
EOG091G141O	jcf7180007291404	0	20842
EOG091G1422	jcf7180007329830	0	20251
EOG091G1467	jcf7180006991873	0	20759
EOG091G146E	jcf7180006856328	0	26065
EOG091G14DH	jcf7180007678844	0	20399
EOG091G14DH	jcf7180007208019	0	20737
EOG091G15HS	jcf7180006839652	0	21882
EOG091G15HV	jcf7180006837234	0	28393
EOG091G15KV	jcf7180007524689	0	25994
EOG091G15N9	jcf7180006829844	208	40414
EOG091G15XS	jcf7180006943200	0	22714
EOG091G15XS	jcf7180006944607	0	20427
EOG091G15XZ	jcf7180006843635	0	23235
EOG091G167Y	jcf7180007005073	0	20678
EOG091G167Y	jcf7180007023578	0	25099
EOG091G167Y	jcf7180007027222	0	20135
EOG091G16EY	jcf7180006937206	0	20258
EOG091G17I3	jcf7180006826264	0	27683
EOG091G17J4	jcf7180007525414	0	25338
EOG091G17K3	jcf7180006893316	0	22077
EOG091G1817	jcf7180006884118	0	40684
EOG091G184V	jcf7180007024424	0	26368
EOG091G184V	jcf7180007321016	0	21526
EOG091G18YA	jcf7180007703516	0	35650
EOG091G18Z5	jcf7180006834592	0	27428
EOG091G197A	jcf7180006909775	0	33069
EOG091G19WY	jcf7180007181161	0	20334
EOG091G19Y2	jcf7180006875309	0	21447
EOG091G1A1V	jcf7180006852659	0	20325
EOG091G1A3H	jcf7180007053846	0	20545
EOG091G1AP6	jcf7180006826289	17772	57999
EOG091G1AP6	jcf7180006827977	0	22391
EOG091G1BQN	jcf7180006857710	0	20226
EOG091G1CLN	jcf7180007322180	0	20183
EOG091G1CLN	jcf7180007626357	0	20530
EOG091G1CLN	jcf7180007520605	0	22561
